movieCd,title,link,image,userRating
173123,스파이더맨: 파 프롬 홈,https://movie.naver.com/movie/bi/mi/basic.nhn?code=173123,https://ssl.pstatic.net/imgmovie/mdi/mit110/1731/173123_P06_135928.jpg,8.36
163788,알라딘,https://movie.naver.com/movie/bi/mi/basic.nhn?code=163788,https://ssl.pstatic.net/imgmovie/mdi/mit110/1637/163788_P18_105943.jpg,9.43
101966,토이 스토리 4,https://movie.naver.com/movie/bi/mi/basic.nhn?code=101966,https://ssl.pstatic.net/imgmovie/mdi/mit110/1019/101966_P09_114632.jpg,9.08
180209,기방도령,https://movie.naver.com/movie/bi/mi/basic.nhn?code=180209,https://ssl.pstatic.net/imgmovie/mdi/mit110/1802/180209_P42_134851.jpg,5.90
161967,기생충,https://movie.naver.com/movie/bi/mi/basic.nhn?code=161967,https://ssl.pstatic.net/imgmovie/mdi/mit110/1619/161967_P80_151640.jpg,8.50
174834,진범,https://movie.naver.com/movie/bi/mi/basic.nhn?code=174834,https://ssl.pstatic.net/imgmovie/mdi/mit110/1748/174834_P53_105510.jpg,7.37
183783,극장판 엉덩이 탐정: 화려한 사건 수첩,https://movie.naver.com/movie/bi/mi/basic.nhn?code=183783,https://ssl.pstatic.net/imgmovie/mdi/mit110/1837/183783_P16_105340.jpg,4.08
183850,애나벨 집으로,https://movie.naver.com/movie/bi/mi/basic.nhn?code=183850,https://ssl.pstatic.net/imgmovie/mdi/mit110/1838/183850_P16_113434.jpg,6.74
181698,존 윅 3: 파라벨룸,https://movie.naver.com/movie/bi/mi/basic.nhn?code=181698,https://ssl.pstatic.net/imgmovie/mdi/mit110/1816/181698_P38_102749.jpg,8.27
182014,미드소마,https://movie.naver.com/movie/bi/mi/basic.nhn?code=182014,https://ssl.pstatic.net/imgmovie/mdi/mit110/1820/182014_P09_102330.jpg,6.93
179125,롱 리브 더 킹: 목포 영웅,https://movie.naver.com/movie/bi/mi/basic.nhn?code=179125,https://ssl.pstatic.net/imgmovie/mdi/mit110/1791/179125_P44_162751.jpg,7.64
183836,천로역정: 천국을 찾아서,https://movie.naver.com/movie/bi/mi/basic.nhn?code=183836,https://ssl.pstatic.net/imgmovie/mdi/mit110/1838/183836_P33_161902.jpg,8.75
179875,비스트,https://movie.naver.com/movie/bi/mi/basic.nhn?code=179875,https://ssl.pstatic.net/imgmovie/mdi/mit110/1798/179875_P37_142918.jpg,5.57
183666,BIFAN2019 판타스틱 단편 걸작선 1,https://movie.naver.com/movie/bi/mi/basic.nhn?code=183666,https://ssl.pstatic.net/imgmovie/mdi/mit110/1836/183666_P01_135734.jpg,0.00
167633,마담 싸이코,https://movie.naver.com/movie/bi/mi/basic.nhn?code=167633,https://ssl.pstatic.net/imgmovie/mdi/mit110/1676/167633_P18_100754.jpg,6.92
97631,맨 인 블랙: 인터내셔널,https://movie.naver.com/movie/bi/mi/basic.nhn?code=97631,https://ssl.pstatic.net/imgmovie/mdi/mit110/0976/97631_P49_094859.jpg,5.30
183820,사탄의 인형,https://movie.naver.com/movie/bi/mi/basic.nhn?code=183820,https://ssl.pstatic.net/imgmovie/mdi/mit110/1838/183820_P08_141424.jpg,7.00
164125,엑스맨: 다크 피닉스,https://movie.naver.com/movie/bi/mi/basic.nhn?code=164125,https://ssl.pstatic.net/imgmovie/mdi/mit110/1641/164125_P65_143635.jpg,6.47
137865,세상을 바꾼 변호인,https://movie.naver.com/movie/bi/mi/basic.nhn?code=137865,https://ssl.pstatic.net/imgmovie/mdi/mit110/1378/137865_P17_113027.jpg,8.89
18781,이웃집 토토로,https://movie.naver.com/movie/bi/mi/basic.nhn?code=18781,https://ssl.pstatic.net/imgmovie/mdi/mit110/0187/18781_P40_110031.jpg,9.26
167053,업사이드,https://movie.naver.com/movie/bi/mi/basic.nhn?code=167053,https://ssl.pstatic.net/imgmovie/mdi/mit110/1670/167053_P13_111013.jpg,8.55
181704,로켓맨,https://movie.naver.com/movie/bi/mi/basic.nhn?code=181704,https://ssl.pstatic.net/imgmovie/mdi/mit110/1817/181704_P35_105923.jpg,8.13
136900,어벤져스: 엔드게임,https://movie.naver.com/movie/bi/mi/basic.nhn?code=136900,https://ssl.pstatic.net/imgmovie/mdi/mit110/1369/136900_P57_104126.jpg,9.39
177967,악인전,https://movie.naver.com/movie/bi/mi/basic.nhn?code=177967,https://ssl.pstatic.net/imgmovie/mdi/mit110/1779/177967_P50_114447.jpg,7.93
137327,고질라: 킹 오브 몬스터,https://movie.naver.com/movie/bi/mi/basic.nhn?code=137327,https://ssl.pstatic.net/imgmovie/mdi/mit110/1373/137327_P17_171853.jpg,7.25
183870,빅샤크2: 해저2만리,https://movie.naver.com/movie/bi/mi/basic.nhn?code=183870,https://ssl.pstatic.net/imgmovie/mdi/mit110/1838/183870_P25_095540.jpg,8.05
177371,0.0MHz,https://movie.naver.com/movie/bi/mi/basic.nhn?code=177371,https://ssl.pstatic.net/imgmovie/mdi/mit110/1773/177371_P20_114332.jpg,5.05
186899,걸캅스,https://movie.naver.com/movie/bi/mi/basic.nhn?code=186899,https://ssl.pstatic.net/imgmovie/mdi/mit110/1868/186899_P01_111320.jpg,10.00
180169,어린 의뢰인,https://movie.naver.com/movie/bi/mi/basic.nhn?code=180169,https://ssl.pstatic.net/imgmovie/mdi/mit110/1801/180169_P64_101528.jpg,9.00
183132,교회오빠,https://movie.naver.com/movie/bi/mi/basic.nhn?code=183132,https://ssl.pstatic.net/imgmovie/mdi/mit110/1831/183132_P05_134901.jpg,9.28
181701,더 보이,https://movie.naver.com/movie/bi/mi/basic.nhn?code=181701,https://ssl.pstatic.net/imgmovie/mdi/mit110/1817/181701_P09_111143.jpg,4.95
177483,배심원들,https://movie.naver.com/movie/bi/mi/basic.nhn?code=177483,https://ssl.pstatic.net/imgmovie/mdi/mit110/1774/177483_P122_133507.jpg,8.91
167657,명탐정 피카츄,https://movie.naver.com/movie/bi/mi/basic.nhn?code=167657,https://ssl.pstatic.net/imgmovie/mdi/mit110/1676/167657_P03_163928.jpg,8.12
175366,나의 특별한 형제,https://movie.naver.com/movie/bi/mi/basic.nhn?code=175366,https://ssl.pstatic.net/imgmovie/mdi/mit110/1753/175366_P31_101140.jpg,8.90
183136,뽀로로 극장판 보물섬 대모험,https://movie.naver.com/movie/bi/mi/basic.nhn?code=183136,https://ssl.pstatic.net/imgmovie/mdi/mit110/1831/183136_P10_134628.jpg,9.28
165022,호텔 뭄바이,https://movie.naver.com/movie/bi/mi/basic.nhn?code=165022,https://ssl.pstatic.net/imgmovie/mdi/mit110/1650/165022_P15_153454.jpg,9.11
151550,서스페리아,https://movie.naver.com/movie/bi/mi/basic.nhn?code=151550,https://ssl.pstatic.net/imgmovie/mdi/mit110/1515/151550_P22_095949.jpg,6.87
182012,어글리 돌,https://movie.naver.com/movie/bi/mi/basic.nhn?code=182012,https://ssl.pstatic.net/imgmovie/mdi/mit110/1820/182012_P08_135215.jpg,9.18
148863,안도 타다오,https://movie.naver.com/movie/bi/mi/basic.nhn?code=148863,https://ssl.pstatic.net/imgmovie/mdi/mit110/1488/148863_P10_094956.jpg,8.35
174050,생일,https://movie.naver.com/movie/bi/mi/basic.nhn?code=174050,https://ssl.pstatic.net/imgmovie/mdi/mit110/1740/174050_P32_172314.jpg,7.15
132623,캡틴 마블,https://movie.naver.com/movie/bi/mi/basic.nhn?code=132623,https://ssl.pstatic.net/imgmovie/mdi/mit110/1326/132623_P22_133853.jpg,6.74
49336,판의 미로 - 오필리아와 세 개의 열쇠,https://movie.naver.com/movie/bi/mi/basic.nhn?code=49336,https://ssl.pstatic.net/imgmovie/mdi/mit110/0493/49336_P59_105053.jpg,7.90
184253,프렌즈: 둥지탈출,https://movie.naver.com/movie/bi/mi/basic.nhn?code=184253,https://ssl.pstatic.net/imgmovie/mdi/mit110/1842/184253_P10_155905.jpg,8.86
180399,요로나의 저주,https://movie.naver.com/movie/bi/mi/basic.nhn?code=180399,https://ssl.pstatic.net/imgmovie/mdi/mit110/1803/180399_P00_154546.jpg,6.90
171785,미성년,https://movie.naver.com/movie/bi/mi/basic.nhn?code=171785,https://ssl.pstatic.net/imgmovie/mdi/mit110/1717/171785_P84_181225.jpg,8.31
159845,크게 될 놈,https://movie.naver.com/movie/bi/mi/basic.nhn?code=159845,https://ssl.pstatic.net/imgmovie/mdi/mit110/1598/159845_P12_102707.jpg,8.84
24830,노팅 힐,https://movie.naver.com/movie/bi/mi/basic.nhn?code=24830,https://ssl.pstatic.net/imgmovie/mdi/mit110/0248/24830_P18_133358.jpg,9.07
185267,돈,https://movie.naver.com/movie/bi/mi/basic.nhn?code=185267,https://ssl.pstatic.net/imgmovie/mdi/mit110/1852/185267_P03_110346.jpg,7.42
168045,바이스,https://movie.naver.com/movie/bi/mi/basic.nhn?code=168045,https://ssl.pstatic.net/imgmovie/mdi/mit110/1680/168045_P15_100136.jpg,8.47
164200,헬보이,https://movie.naver.com/movie/bi/mi/basic.nhn?code=164200,https://ssl.pstatic.net/imgmovie/mdi/mit110/1642/164200_P05_105455.jpg,6.87
173667,왓칭,https://movie.naver.com/movie/bi/mi/basic.nhn?code=173667,https://ssl.pstatic.net/imgmovie/mdi/mit110/1736/173667_P27_101947.jpg,5.30
183063,아이 엠 마더,https://movie.naver.com/movie/bi/mi/basic.nhn?code=183063,https://ssl.pstatic.net/imgmovie/mdi/mit110/1830/183063_P01_142452.jpg,0.00
140649,샤잠!,https://movie.naver.com/movie/bi/mi/basic.nhn?code=140649,https://ssl.pstatic.net/imgmovie/mdi/mit110/1406/140649_P11_111034.jpg,5.84
181414,어스,https://movie.naver.com/movie/bi/mi/basic.nhn?code=181414,https://ssl.pstatic.net/imgmovie/mdi/mit110/1814/181414_P24_174349.jpg,6.82
181419,공포의 묘지,https://movie.naver.com/movie/bi/mi/basic.nhn?code=181419,https://ssl.pstatic.net/imgmovie/mdi/mit110/1814/181419_P28_165542.jpg,4.86
180381,장난스런 키스,https://movie.naver.com/movie/bi/mi/basic.nhn?code=180381,https://ssl.pstatic.net/imgmovie/mdi/mit110/1803/180381_P17_103533.jpg,8.27
181912,파이브 피트,https://movie.naver.com/movie/bi/mi/basic.nhn?code=181912,https://ssl.pstatic.net/imgmovie/mdi/mit110/1819/181912_P10_135327.jpg,8.98
163787,덤보,https://movie.naver.com/movie/bi/mi/basic.nhn?code=163787,https://ssl.pstatic.net/imgmovie/mdi/mit110/1637/163787_P33_174808.jpg,8.94
182348,로망,https://movie.naver.com/movie/bi/mi/basic.nhn?code=182348,https://ssl.pstatic.net/imgmovie/mdi/mit110/1823/182348_P02_174720.jpg,9.30
171533,콜레트,https://movie.naver.com/movie/bi/mi/basic.nhn?code=171533,https://ssl.pstatic.net/imgmovie/mdi/mit110/1715/171533_P29_143351.jpg,8.67
153580,악질경찰,https://movie.naver.com/movie/bi/mi/basic.nhn?code=153580,https://ssl.pstatic.net/imgmovie/mdi/mit110/1535/153580_P24_103637.jpg,5.78
161984,우상,https://movie.naver.com/movie/bi/mi/basic.nhn?code=161984,https://ssl.pstatic.net/imgmovie/mdi/mit110/1619/161984_P61_144815.jpg,3.94
152624,썬키스 패밀리,https://movie.naver.com/movie/bi/mi/basic.nhn?code=152624,https://ssl.pstatic.net/imgmovie/mdi/mit110/1526/152624_P34_161443.jpg,5.93
182407,1919 유관순,https://movie.naver.com/movie/bi/mi/basic.nhn?code=182407,https://ssl.pstatic.net/imgmovie/mdi/mit110/1824/182407_P00_105405.jpg,8.29
180425,이스케이프 룸,https://movie.naver.com/movie/bi/mi/basic.nhn?code=180425,https://ssl.pstatic.net/imgmovie/mdi/mit110/1804/180425_P19_175210.jpg,7.63
179974,라스트 미션,https://movie.naver.com/movie/bi/mi/basic.nhn?code=179974,https://ssl.pstatic.net/imgmovie/mdi/mit110/1799/179974_P01_153621.jpg,8.82
169263,페이트 스테이 나이트 헤븐즈필 제2장 로스트 버터플라이,https://movie.naver.com/movie/bi/mi/basic.nhn?code=169263,https://ssl.pstatic.net/imgmovie/mdi/mit110/1692/169263_P01_094955.jpg,7.93
149022,정글북: 마법 원정대,https://movie.naver.com/movie/bi/mi/basic.nhn?code=149022,https://ssl.pstatic.net/imgmovie/mdi/mit110/1490/149022_P12_110503.jpg,6.94
171539,그린 북,https://movie.naver.com/movie/bi/mi/basic.nhn?code=171539,https://ssl.pstatic.net/imgmovie/mdi/mit110/1715/171539_P26_135622.jpg,9.61
182360,항거:유관순 이야기,https://movie.naver.com/movie/bi/mi/basic.nhn?code=182360,https://ssl.pstatic.net/imgmovie/mdi/mit110/1823/182360_P11_140223.jpg,8.59
167651,극한직업,https://movie.naver.com/movie/bi/mi/basic.nhn?code=167651,https://ssl.pstatic.net/imgmovie/mdi/mit110/1676/167651_P106_141030.jpg,8.53
177374,증인,https://movie.naver.com/movie/bi/mi/basic.nhn?code=177374,https://ssl.pstatic.net/imgmovie/mdi/mit110/1773/177374_P100_112832.jpg,9.07
167099,사바하,https://movie.naver.com/movie/bi/mi/basic.nhn?code=167099,https://ssl.pstatic.net/imgmovie/mdi/mit110/1670/167099_P13_101134.jpg,7.20
182206,숲속왕국의 꿀벌 여왕,https://movie.naver.com/movie/bi/mi/basic.nhn?code=182206,https://ssl.pstatic.net/imgmovie/mdi/mit110/1822/182206_P12_121114.jpg,8.63
148909,더 페이버릿: 여왕의 여자,https://movie.naver.com/movie/bi/mi/basic.nhn?code=148909,https://ssl.pstatic.net/imgmovie/mdi/mit110/1489/148909_P29_164758.jpg,8.77
170953,리노,https://movie.naver.com/movie/bi/mi/basic.nhn?code=170953,https://ssl.pstatic.net/imgmovie/mdi/mit110/1709/170953_P08_140411.jpg,8.10
159070,자전차왕 엄복동,https://movie.naver.com/movie/bi/mi/basic.nhn?code=159070,https://ssl.pstatic.net/imgmovie/mdi/mit110/1590/159070_P13_114738.jpg,3.84
181959,신데렐라:마법 반지의 비밀,https://movie.naver.com/movie/bi/mi/basic.nhn?code=181959,https://ssl.pstatic.net/imgmovie/mdi/mit110/1819/181959_P11_114544.jpg,6.37
167629,"어쩌다, 결혼",https://movie.naver.com/movie/bi/mi/basic.nhn?code=167629,https://ssl.pstatic.net/imgmovie/mdi/mit110/1676/167629_P17_105046.jpg,4.50
109193,드래곤 길들이기 3,https://movie.naver.com/movie/bi/mi/basic.nhn?code=109193,https://ssl.pstatic.net/imgmovie/mdi/mit110/1091/109193_P21_103935.jpg,9.24
66728,알리타: 배틀 엔젤,https://movie.naver.com/movie/bi/mi/basic.nhn?code=66728,https://ssl.pstatic.net/imgmovie/mdi/mit110/0667/66728_P38_102726.jpg,8.71
181411,해피 데스데이 2 유,https://movie.naver.com/movie/bi/mi/basic.nhn?code=181411,https://ssl.pstatic.net/imgmovie/mdi/mit110/1814/181411_P02_101349.jpg,7.39
33930,해리포터와 비밀의 방,https://movie.naver.com/movie/bi/mi/basic.nhn?code=33930,https://ssl.pstatic.net/imgmovie/mdi/mit110/0339/C3930-06.jpg,8.86
181409,콜드 체이싱,https://movie.naver.com/movie/bi/mi/basic.nhn?code=181409,https://ssl.pstatic.net/imgmovie/mdi/mit110/1814/181409_P30_100656.jpg,6.58
151151,메리 포핀스 리턴즈,https://movie.naver.com/movie/bi/mi/basic.nhn?code=151151,https://ssl.pstatic.net/imgmovie/mdi/mit110/1511/151151_P24_105029.jpg,8.18
169078,기묘한 가족,https://movie.naver.com/movie/bi/mi/basic.nhn?code=169078,https://ssl.pstatic.net/imgmovie/mdi/mit110/1690/169078_P66_101231.jpg,5.89
164173,뺑반,https://movie.naver.com/movie/bi/mi/basic.nhn?code=164173,https://ssl.pstatic.net/imgmovie/mdi/mit110/1641/164173_P45_171744.jpg,6.08
48233,명탐정 코난:전율의 악보,https://movie.naver.com/movie/bi/mi/basic.nhn?code=48233,https://ssl.pstatic.net/imgmovie/mdi/mit110/0482/48233_P05_140218.jpg,8.29
181554,극장판 헬로카봇: 옴파로스 섬의 비밀,https://movie.naver.com/movie/bi/mi/basic.nhn?code=181554,https://ssl.pstatic.net/imgmovie/mdi/mit110/1815/181554_P23_112202.jpg,8.75
125438,레고 무비2,https://movie.naver.com/movie/bi/mi/basic.nhn?code=125438,https://ssl.pstatic.net/imgmovie/mdi/mit110/1254/125438_P06_114959.jpg,8.73
167699,말모이,https://movie.naver.com/movie/bi/mi/basic.nhn?code=167699,https://ssl.pstatic.net/imgmovie/mdi/mit110/1676/167699_P40_175859.jpg,9.07
180220,러브 유어셀프 인 서울,https://movie.naver.com/movie/bi/mi/basic.nhn?code=180220,https://ssl.pstatic.net/imgmovie/mdi/mit110/1802/180220_P01_102406.jpg,9.28
174830,가버나움,https://movie.naver.com/movie/bi/mi/basic.nhn?code=174830,https://ssl.pstatic.net/imgmovie/mdi/mit110/1748/174830_P17_104205.jpg,9.59
164172,내안의 그놈,https://movie.naver.com/movie/bi/mi/basic.nhn?code=164172,https://ssl.pstatic.net/imgmovie/mdi/mit110/1641/164172_P08_114039.jpg,8.19
152632,주먹왕 랄프 2: 인터넷 속으로,https://movie.naver.com/movie/bi/mi/basic.nhn?code=152632,https://ssl.pstatic.net/imgmovie/mdi/mit110/1526/152632_P19_104759.jpg,8.68
163826,글래스,https://movie.naver.com/movie/bi/mi/basic.nhn?code=163826,https://ssl.pstatic.net/imgmovie/mdi/mit110/1638/163826_P07_174644.jpg,7.40
144318,언더독,https://movie.naver.com/movie/bi/mi/basic.nhn?code=144318,https://ssl.pstatic.net/imgmovie/mdi/mit110/1443/144318_P19_100103.jpg,9.31
156464,보헤미안 랩소디,https://movie.naver.com/movie/bi/mi/basic.nhn?code=156464,https://ssl.pstatic.net/imgmovie/mdi/mit110/1564/156464_P49_182103.jpg,9.42
168056,몬스터 파크,https://movie.naver.com/movie/bi/mi/basic.nhn?code=168056,https://ssl.pstatic.net/imgmovie/mdi/mit110/1680/168056_P10_100606.jpg,7.19
151153,아쿠아맨,https://movie.naver.com/movie/bi/mi/basic.nhn?code=151153,https://ssl.pstatic.net/imgmovie/mdi/mit110/1511/151153_P19_095147.jpg,8.35
180372,극장판 공룡메카드: 타이니소어의 섬,https://movie.naver.com/movie/bi/mi/basic.nhn?code=180372,https://ssl.pstatic.net/imgmovie/mdi/mit110/1803/180372_P16_101254.jpg,9.14
172137,미래의 미라이,https://movie.naver.com/movie/bi/mi/basic.nhn?code=172137,https://ssl.pstatic.net/imgmovie/mdi/mit110/1721/172137_P12_134909.jpg,6.05
164139,범블비,https://movie.naver.com/movie/bi/mi/basic.nhn?code=164139,https://ssl.pstatic.net/imgmovie/mdi/mit110/1641/164139_P12_153521.jpg,8.09
166092,PMC: 더 벙커,https://movie.naver.com/movie/bi/mi/basic.nhn?code=166092,https://ssl.pstatic.net/imgmovie/mdi/mit110/1660/166092_P35_104446.jpg,5.21
164101,스윙키즈,https://movie.naver.com/movie/bi/mi/basic.nhn?code=164101,https://ssl.pstatic.net/imgmovie/mdi/mit110/1641/164101_P62_155759.jpg,8.36
180379,점박이 한반도의 공룡2 : 새로운 낙원,https://movie.naver.com/movie/bi/mi/basic.nhn?code=180379,https://ssl.pstatic.net/imgmovie/mdi/mit110/1803/180379_P32_111508.jpg,9.13
187444,언니,https://movie.naver.com/movie/bi/mi/basic.nhn?code=187444,https://ssl.pstatic.net/imgmovie/mdi/mit110/1874/187444_P01_113615.jpg,8.33
150688,그린치,https://movie.naver.com/movie/bi/mi/basic.nhn?code=150688,https://ssl.pstatic.net/imgmovie/mdi/mit110/1506/150688_P30_101919.jpg,8.33
157297,마약왕,https://movie.naver.com/movie/bi/mi/basic.nhn?code=157297,https://ssl.pstatic.net/imgmovie/mdi/mit110/1572/157297_P23_134212.jpg,6.33
172975,극장판 짱구는 못말려: 아뵤! 쿵후 보이즈 ~라면 대란~,https://movie.naver.com/movie/bi/mi/basic.nhn?code=172975,https://ssl.pstatic.net/imgmovie/mdi/mit110/1729/172975_P10_141815.jpg,8.29
171725,스파이더맨: 뉴 유니버스,https://movie.naver.com/movie/bi/mi/basic.nhn?code=171725,https://ssl.pstatic.net/imgmovie/mdi/mit110/1717/171725_P18_175530.jpg,9.21
164192,국가부도의 날,https://movie.naver.com/movie/bi/mi/basic.nhn?code=164192,https://ssl.pstatic.net/imgmovie/mdi/mit110/1641/164192_P45_134107.jpg,8.16
171755,도어락,https://movie.naver.com/movie/bi/mi/basic.nhn?code=171755,https://ssl.pstatic.net/imgmovie/mdi/mit110/1717/171755_P39_140011.jpg,6.01
172187,극장판 포켓몬스터 모두의 이야기,https://movie.naver.com/movie/bi/mi/basic.nhn?code=172187,https://ssl.pstatic.net/imgmovie/mdi/mit110/1721/172187_P19_110125.jpg,8.97
158622,호두까기 인형과 4개의 왕국,https://movie.naver.com/movie/bi/mi/basic.nhn?code=158622,https://ssl.pstatic.net/imgmovie/mdi/mit110/1586/158622_P18_142307.jpg,7.16
171452,부탁 하나만 들어줘,https://movie.naver.com/movie/bi/mi/basic.nhn?code=171452,https://ssl.pstatic.net/imgmovie/mdi/mit110/1714/171452_P19_174244.jpg,7.81
156496,모털 엔진,https://movie.naver.com/movie/bi/mi/basic.nhn?code=156496,https://ssl.pstatic.net/imgmovie/mdi/mit110/1564/156496_P24_153246.jpg,6.15
180384,런닝맨 : 풀룰루의 역습,https://movie.naver.com/movie/bi/mi/basic.nhn?code=180384,https://ssl.pstatic.net/imgmovie/mdi/mit110/1803/180384_P14_152246.jpg,7.73
167638,완벽한 타인,https://movie.naver.com/movie/bi/mi/basic.nhn?code=167638,https://ssl.pstatic.net/imgmovie/mdi/mit110/1676/167638_P71_133542.jpg,8.63
174835,성난황소,https://movie.naver.com/movie/bi/mi/basic.nhn?code=174835,https://ssl.pstatic.net/imgmovie/mdi/mit110/1748/174835_P26_105639.jpg,7.52
182650,후드,https://movie.naver.com/movie/bi/mi/basic.nhn?code=182650,https://ssl.pstatic.net/imgmovie/mdi/mit110/1826/182650_P01_181030.jpg,0.00
154255,신비한 동물들과 그린델왈드의 범죄,https://movie.naver.com/movie/bi/mi/basic.nhn?code=154255,https://ssl.pstatic.net/imgmovie/mdi/mit110/1542/154255_P24_095824.jpg,6.18
144906,베일리 어게인,https://movie.naver.com/movie/bi/mi/basic.nhn?code=144906,https://ssl.pstatic.net/imgmovie/mdi/mit110/1449/144906_P15_103017.jpg,9.53
173692,바울,https://movie.naver.com/movie/bi/mi/basic.nhn?code=173692,https://ssl.pstatic.net/imgmovie/mdi/mit110/1736/173692_P12_102159.jpg,9.17
161868,거미줄에 걸린 소녀,https://movie.naver.com/movie/bi/mi/basic.nhn?code=161868,https://ssl.pstatic.net/imgmovie/mdi/mit110/1618/161868_P24_151256.jpg,7.88
179138,투 프렌즈,https://movie.naver.com/movie/bi/mi/basic.nhn?code=179138,https://ssl.pstatic.net/imgmovie/mdi/mit110/1791/179138_P01_151818.jpg,4.54
176354,번 더 스테이지: 더 무비,https://movie.naver.com/movie/bi/mi/basic.nhn?code=176354,https://ssl.pstatic.net/imgmovie/mdi/mit110/1763/176354_P13_150227.jpg,9.31
186453,출국,https://movie.naver.com/movie/bi/mi/basic.nhn?code=186453,https://ssl.pstatic.net/imgmovie/mdi/mit110/1864/186453_P03_141045.jpg,0.00
154653,툴리,https://movie.naver.com/movie/bi/mi/basic.nhn?code=154653,https://ssl.pstatic.net/imgmovie/mdi/mit110/1546/154653_P12_102646.jpg,8.84
175318,너의 췌장을 먹고 싶어,https://movie.naver.com/movie/bi/mi/basic.nhn?code=175318,https://ssl.pstatic.net/imgmovie/mdi/mit110/1753/175318_P15_105507.jpg,8.25
166610,동네사람들,https://movie.naver.com/movie/bi/mi/basic.nhn?code=166610,https://ssl.pstatic.net/imgmovie/mdi/mit110/1666/166610_P58_154049.jpg,5.33
164147,해피 투게더,https://movie.naver.com/movie/bi/mi/basic.nhn?code=164147,https://ssl.pstatic.net/imgmovie/mdi/mit110/1641/164147_P46_165808.jpg,7.49
160487,창궐,https://movie.naver.com/movie/bi/mi/basic.nhn?code=160487,https://ssl.pstatic.net/imgmovie/mdi/mit110/1604/160487_P48_113750.jpg,5.07
30688,해리포터와 마법사의 돌,https://movie.naver.com/movie/bi/mi/basic.nhn?code=30688,https://ssl.pstatic.net/imgmovie/mdi/mit110/0306/30688_P28_142632.jpg,9.22
171750,여곡성,https://movie.naver.com/movie/bi/mi/basic.nhn?code=171750,https://ssl.pstatic.net/imgmovie/mdi/mit110/1717/171750_P05_173050.jpg,4.21
164155,벽 속에 숨은 마법시계,https://movie.naver.com/movie/bi/mi/basic.nhn?code=164155,https://ssl.pstatic.net/imgmovie/mdi/mit110/1641/164155_P03_122329.jpg,6.03
168050,스타 이즈 본,https://movie.naver.com/movie/bi/mi/basic.nhn?code=168050,https://ssl.pstatic.net/imgmovie/mdi/mit110/1680/168050_P19_100458.jpg,9.15
172819,구스범스: 몬스터의 역습,https://movie.naver.com/movie/bi/mi/basic.nhn?code=172819,https://ssl.pstatic.net/imgmovie/mdi/mit110/1728/172819_P01_163303.jpg,7.39
170879,할로윈,https://movie.naver.com/movie/bi/mi/basic.nhn?code=170879,https://ssl.pstatic.net/imgmovie/mdi/mit110/1708/170879_P03_161546.jpg,6.30
167105,암수살인,https://movie.naver.com/movie/bi/mi/basic.nhn?code=167105,https://ssl.pstatic.net/imgmovie/mdi/mit110/1671/167105_P28_103614.jpg,8.32
155356,미쓰백,https://movie.naver.com/movie/bi/mi/basic.nhn?code=155356,https://ssl.pstatic.net/imgmovie/mdi/mit110/1553/155356_P29_104216.jpg,9.10
168047,크레이지 리치 아시안,https://movie.naver.com/movie/bi/mi/basic.nhn?code=168047,https://ssl.pstatic.net/imgmovie/mdi/mit110/1680/168047_P06_140254.jpg,7.05
168058,퍼스트맨,https://movie.naver.com/movie/bi/mi/basic.nhn?code=168058,https://ssl.pstatic.net/imgmovie/mdi/mit110/1680/168058_P18_101211.jpg,6.95
119428,베놈,https://movie.naver.com/movie/bi/mi/basic.nhn?code=119428,https://ssl.pstatic.net/imgmovie/mdi/mit110/1194/119428_P08_114709.jpg,7.90
168023,곰돌이 푸 다시 만나 행복해,https://movie.naver.com/movie/bi/mi/basic.nhn?code=168023,https://ssl.pstatic.net/imgmovie/mdi/mit110/1680/168023_P15_161116.jpg,8.95
163533,안시성,https://movie.naver.com/movie/bi/mi/basic.nhn?code=163533,https://ssl.pstatic.net/imgmovie/mdi/mit110/1635/163533_P99_105455.jpg,8.00
174807,배반의 장미,https://movie.naver.com/movie/bi/mi/basic.nhn?code=174807,https://ssl.pstatic.net/imgmovie/mdi/mit110/1748/174807_P19_111000.jpg,5.35
177381,펭귄 하이웨이,https://movie.naver.com/movie/bi/mi/basic.nhn?code=177381,https://ssl.pstatic.net/imgmovie/mdi/mit110/1773/177381_P01_144141.jpg,6.63
167481,액슬,https://movie.naver.com/movie/bi/mi/basic.nhn?code=167481,https://ssl.pstatic.net/imgmovie/mdi/mit110/1674/167481_P05_145414.jpg,7.03
178402,다이노 어드벤처2: 육해공 공룡 대백과,https://movie.naver.com/movie/bi/mi/basic.nhn?code=178402,https://ssl.pstatic.net/imgmovie/mdi/mit110/1784/178402_P16_115047.jpg,5.15
158620,셜록 놈즈,https://movie.naver.com/movie/bi/mi/basic.nhn?code=158620,https://ssl.pstatic.net/imgmovie/mdi/mit110/1586/158620_P19_101107.jpg,8.51
164106,협상,https://movie.naver.com/movie/bi/mi/basic.nhn?code=164106,https://ssl.pstatic.net/imgmovie/mdi/mit110/1641/164106_P16_135532.jpg,7.36
170824,에브리데이,https://movie.naver.com/movie/bi/mi/basic.nhn?code=170824,https://ssl.pstatic.net/imgmovie/mdi/mit110/1708/170824_P15_182407.jpg,7.53
162981,명당,https://movie.naver.com/movie/bi/mi/basic.nhn?code=162981,https://ssl.pstatic.net/imgmovie/mdi/mit110/1629/162981_P72_153440.jpg,7.06
152156,원더풀 고스트,https://movie.naver.com/movie/bi/mi/basic.nhn?code=152156,https://ssl.pstatic.net/imgmovie/mdi/mit110/1521/152156_P76_134247.jpg,6.63
168049,더 넌,https://movie.naver.com/movie/bi/mi/basic.nhn?code=168049,https://ssl.pstatic.net/imgmovie/mdi/mit110/1680/168049_P02_145901.jpg,6.67
184543,서치,https://movie.naver.com/movie/bi/mi/basic.nhn?code=184543,https://ssl.pstatic.net/imgmovie/mdi/mit110/1845/184543_P01_155230.png,0.00
170496,극장판 요괴워치 섀도사이드: 도깨비왕의 부활,https://movie.naver.com/movie/bi/mi/basic.nhn?code=170496,https://ssl.pstatic.net/imgmovie/mdi/mit110/1704/170496_P19_142149.jpg,8.84
185166,루이스,https://movie.naver.com/movie/bi/mi/basic.nhn?code=185166,https://ssl.pstatic.net/imgmovie/mdi/mit110/1851/185166_P01_162115.jpg,0.00
178426,에그엔젤 코코밍: 두근두근 핼러윈 파티,https://movie.naver.com/movie/bi/mi/basic.nhn?code=178426,https://ssl.pstatic.net/imgmovie/mdi/mit110/1784/178426_P18_102633.jpg,5.33
178445,극장판 뽀잉: 슈퍼 변신의 비밀,https://movie.naver.com/movie/bi/mi/basic.nhn?code=178445,https://ssl.pstatic.net/imgmovie/mdi/mit110/1784/178445_P01_100308.jpg,9.00
132996,물괴,https://movie.naver.com/movie/bi/mi/basic.nhn?code=132996,https://ssl.pstatic.net/imgmovie/mdi/mit110/1329/132996_P35_100121.jpg,4.82
140652,너의 결혼식,https://movie.naver.com/movie/bi/mi/basic.nhn?code=140652,https://ssl.pstatic.net/imgmovie/mdi/mit110/1406/140652_P38_143110.jpg,8.42
127335,더 프레데터,https://movie.naver.com/movie/bi/mi/basic.nhn?code=127335,https://ssl.pstatic.net/imgmovie/mdi/mit110/1273/127335_P10_172314.jpg,5.82
174626,업그레이드,https://movie.naver.com/movie/bi/mi/basic.nhn?code=174626,https://ssl.pstatic.net/imgmovie/mdi/mit110/1746/174626_P11_140653.jpg,9.02
172010,상류사회,https://movie.naver.com/movie/bi/mi/basic.nhn?code=172010,https://ssl.pstatic.net/imgmovie/mdi/mit110/1720/172010_P10_141651.jpg,4.25
164115,맘마미아!2,https://movie.naver.com/movie/bi/mi/basic.nhn?code=164115,https://ssl.pstatic.net/imgmovie/mdi/mit110/1641/164115_P50_104521.jpg,8.96
167697,신과함께-인과 연,https://movie.naver.com/movie/bi/mi/basic.nhn?code=167697,https://ssl.pstatic.net/imgmovie/mdi/mit110/1676/167697_P01_113354.jpg,7.71
153687,공작,https://movie.naver.com/movie/bi/mi/basic.nhn?code=153687,https://ssl.pstatic.net/imgmovie/mdi/mit110/1536/153687_P54_102718.jpg,6.85
153642,목격자,https://movie.naver.com/movie/bi/mi/basic.nhn?code=153642,https://ssl.pstatic.net/imgmovie/mdi/mit110/1536/153642_P102_113909.jpg,7.79
172768,어드리프트:우리가 함께한 바다,https://movie.naver.com/movie/bi/mi/basic.nhn?code=172768,https://ssl.pstatic.net/imgmovie/mdi/mit110/1727/172768_P23_140008.jpg,8.73
167602,나를 차버린 스파이,https://movie.naver.com/movie/bi/mi/basic.nhn?code=167602,https://ssl.pstatic.net/imgmovie/mdi/mit110/1676/167602_P09_101816.jpg,7.91
154222,미션 임파서블: 폴아웃,https://movie.naver.com/movie/bi/mi/basic.nhn?code=154222,https://ssl.pstatic.net/imgmovie/mdi/mit110/1542/154222_P07_114856.jpg,9.12
180901,그래비티,https://movie.naver.com/movie/bi/mi/basic.nhn?code=180901,https://ssl.pstatic.net/imgmovie/mdi/mit110/1809/180901_P01_161910.jpg,0.00
169643,몬스터 호텔 3,https://movie.naver.com/movie/bi/mi/basic.nhn?code=169643,https://ssl.pstatic.net/imgmovie/mdi/mit110/1696/169643_P26_103310.jpg,8.59
152661,메가로돈,https://movie.naver.com/movie/bi/mi/basic.nhn?code=152661,https://ssl.pstatic.net/imgmovie/mdi/mit110/1526/152661_P02_173353.jpg,5.87
171499,마일22,https://movie.naver.com/movie/bi/mi/basic.nhn?code=171499,https://ssl.pstatic.net/imgmovie/mdi/mit110/1714/171499_P38_160259.jpg,7.41
172118,극장판 도라에몽: 진구의 보물섬,https://movie.naver.com/movie/bi/mi/basic.nhn?code=172118,https://ssl.pstatic.net/imgmovie/mdi/mit110/1721/172118_P13_110330.jpg,8.76
173019,명탐정 코난 : 제로의 집행인,https://movie.naver.com/movie/bi/mi/basic.nhn?code=173019,https://ssl.pstatic.net/imgmovie/mdi/mit110/1730/173019_P30_150613.jpg,9.07
175727,극장판 헬로카봇 : 백악기 시대,https://movie.naver.com/movie/bi/mi/basic.nhn?code=175727,https://ssl.pstatic.net/imgmovie/mdi/mit110/1757/175727_P08_154401.jpg,9.23
136990,인크레더블 2,https://movie.naver.com/movie/bi/mi/basic.nhn?code=136990,https://ssl.pstatic.net/imgmovie/mdi/mit110/1369/136990_P27_140604.jpg,9.23
174805,신비아파트: 금빛 도깨비와 비밀의 동굴,https://movie.naver.com/movie/bi/mi/basic.nhn?code=174805,https://ssl.pstatic.net/imgmovie/mdi/mit110/1748/174805_P12_100714.jpg,8.72
172174,어느 가족,https://movie.naver.com/movie/bi/mi/basic.nhn?code=172174,https://ssl.pstatic.net/imgmovie/mdi/mit110/1721/172174_P20_110537.jpg,9.21
109906,인랑,https://movie.naver.com/movie/bi/mi/basic.nhn?code=109906,https://ssl.pstatic.net/imgmovie/mdi/mit110/1099/109906_P00_103901.jpg,3.85
144330,앤트맨과 와스프,https://movie.naver.com/movie/bi/mi/basic.nhn?code=144330,https://ssl.pstatic.net/imgmovie/mdi/mit110/1443/144330_P05_110325.jpg,8.62
186657,마녀,https://movie.naver.com/movie/bi/mi/basic.nhn?code=186657,https://ssl.pstatic.net/imgmovie/mdi/mit110/1866/186657_P01_113547.jpg,10.00
